"","day","temp","dewp","NUM_COLLISIONS"
"1",3,27.5,12.1,-1.07777112829078
"2",4,21.8,7.8,-0.162510634613814
"3",5,32.2,21.1,-0.746155007393332
"4",1,35.9,31,-0.533920690018962
"5",2,39.8,34.1,-0.640037848706147
"6",3,39.9,37.6,-0.984918614439498
"7",4,43.5,30.4,-0.0829227655984255
"8",5,38,31.4,1.30986494217088
"9",1,47.2,47.1,-0.255363148465101
"10",2,42.3,38.3,-0.600243914198452
"11",3,41.6,40,0.222164065627231
"12",4,39.4,34.6,-0.931860035095906
"13",5,28.1,16.6,-0.00333489658303675
"14",2,26.3,18.1,-0.228833858793305
"15",3,16.2,-1.1,-0.215569213957407
"16",4,14.3,-1.9,-0.0961874104343236
"17",5,19,3.3,1.49556996987345
"18",1,27.3,10.8,-0.719625717721536
"19",2,35.4,34.9,-0.255363148465101
"20",3,45.1,44,-0.852272166080517
"21",4,46.5,40.3,0.407869093329805
"22",5,33.1,15.5,0.169105486283639
"23",1,29,16.9,-0.109452055270222
"24",2,28.7,16.6,0.0629883275964539
"25",3,34.8,30.4,0.0629883275964539
"26",4,29.4,13.4,-0.467597465839471
"27",5,34.3,28.5,1.8802446701145
"28",1,36.4,32,-1.14409435247028
"29",2,41.4,36.6,-0.839007521244619
"30",3,36.1,25.2,0.116046906940046
"31",4,36.6,29.3,0.925190241929832
"32",5,38.6,33.2,0.567044831360583
"33",2,36.7,25.4,-1.11756506279848
"34",3,38.7,28.9,-0.679831783213841
"35",4,30.6,14.1,-0.839007521244619
"36",5,35.4,25.4,-0.401274241659981
"37",1,37.5,30.4,-0.945124679931804
"38",2,35,26.7,-0.321686372644592
"39",3,44.1,41,-0.149245989777916
"40",4,41.4,38.9,-0.586979269362554
"41",5,39.3,34.2,0.553780186524685
"42",1,37,26.4,0.474192317509296
"43",2,38.5,29.8,-0.454332821003573
"44",3,39.1,34.2,-1.14409435247028
"45",4,38.3,35.2,-0.348215662316388
"46",1,39.9,34.7,-0.520656045183064
"47",2,46,43.9,-0.189039924285611
"48",3,46.3,41.1,0.991513466109323
"49",4,37,25.3,-0.0563934759266293
"50",5,31.2,13.7,0.606838765868277
"51",1,32.1,15.5,0.819073083242647
"52",2,39.6,35.5,-0.029864186254833
"53",3,36.5,25.7,-0.281892438136897
"54",4,38.3,29.9,-0.706361072885637
"55",5,34.3,27.6,0.567044831360583
"56",1,38.1,29.8,-0.839007521244619
"57",2,39.8,28.7,-1.80732659426518
"58",3,41.7,30.3,-1.59509227689081
"59",4,42.5,34.5,-0.162510634613814
"60",5,45.2,34.3,-0.54718533485486
"61",1,47,42.9,-1.09103577312668
"62",2,39.6,18.8,-1.6481508562344
"63",3,42.6,15.7,-0.388009596824082
"64",4,39,18.8,0.0629883275964539
"65",5,42.9,38.5,0.275222644970824
"66",1,50,41.6,0.275222644970824
"67",2,49.4,43.4,0.686426634883666
"68",3,46.5,42,0.248693355299028
"69",4,46.2,41,-0.586979269362554
"70",5,43.6,35.7,1.163953848976
"71",1,46.1,34.2,0.553780186524685
"72",2,46,40.5,0.0364590379246576
"73",3,52.1,42.7,-0.348215662316388
"74",4,46.5,37.3,-0.109452055270222
"75",5,52.6,49.4,0.116046906940046
"76",1,43,29.8,0.0497236827605558
"77",2,44.6,40,-0.640037848706147
"78",3,47.5,43.6,0.487456962345194
"79",4,50.8,45.1,0.288487289806722
"80",5,49.5,37.8,1.50883461470935
"81",1,49.7,37.9,0.487456962345194
"82",2,51,30.2,0.195634775955435
"83",3,49.9,41.4,0.195634775955435
"84",4,49.9,42,0.315016579478518
"85",5,46.9,39.7,1.65474570790423
"86",1,49.2,43.4,-0.00333489658303675
"87",2,54.4,49.9,0.407869093329805
"88",3,59.4,54.7,0.779279148734953
"89",4,57.2,53.6,0.540515541688786
"90",5,56.1,51,1.81392144593501
"91",1,53.1,37.1,0.208899420791333
"92",2,51,35.3,0.0497236827605558
"93",3,53.1,44.5,-0.388009596824082
"94",4,57.7,50.1,-0.029864186254833
"95",5,58.2,43.9,2.38430117387863
"96",1,57.5,54.5,1.27007100766318
"97",2,58,55.5,1.80065680109911
"98",3,57.8,55.1,0.116046906940046
"99",4,61.5,57.6,2.30471330486324
"100",5,61,58.7,1.41598210085806
"101",1,56.9,42.8,-1.87364981844467
"102",2,56.6,49.6,1.65474570790423
"103",3,57.9,54.7,0.169105486283639
"104",4,60.9,56.2,1.64148106306833
"105",5,62,56.8,2.31797794969914
"106",1,60.8,59.8,1.93330324945809
"107",2,61.8,51,0.686426634883666
"108",3,58.6,45.6,0.500721607181092
"109",4,58.6,51,0.580309476196481
"110",5,56.1,53.2,3.04753341567353
"111",1,62.2,56.1,0.832337728078545
"112",2,60.8,59.5,0.978248821273425
"113",3,64,55.9,0.712955924555462
"114",4,60.8,52.4,-0.361480307152286
"115",5,55,50.7,1.74759822175552
"116",1,63.2,59.2,0.699691279719564
"117",2,60.9,58.6,0.686426634883666
"118",3,62.6,54.4,0.805808438406749
"119",4,60.6,53.1,1.58842248372474
"120",5,62,56.1,1.70780428724782
"121",1,66.8,64.5,1.57515783888884
"122",2,69.7,63.8,1.1506892041401
"123",3,69.5,64.6,0.792543793570851
"124",4,65.5,64,0.487456962345194
"125",5,66.1,64.8,0.620103410704175
"126",1,66.7,65.3,0.951719531601628
"127",2,67.7,65.5,0.527250896852888
"128",3,68.7,67.2,0.978248821273425
"129",4,69.8,68,-1.63488621139851
"130",5,71.6,68.2,0.195634775955435
"131",1,72.6,68.9,0.739485214227258
"132",2,72.7,69.3,0.288487289806722
"133",3,71.1,69.7,0.699691279719564
"134",4,71.8,69.7,-0.149245989777916
"135",5,69.4,67.8,0.500721607181092
"136",1,76.3,71.2,0.261958000134926
"137",2,77.4,68.4,0.275222644970824
"138",3,72.9,65.8,0.633368055540073
"139",4,75.6,69.6,0.991513466109323
"140",5,73.9,71.4,1.80065680109911
"141",1,68.3,65.9,0.394604448493907
"142",2,72.1,70,0.129311551775945
"143",3,74.9,71.6,0.129311551775945
"144",4,67.7,62.8,-0.719625717721536
"145",5,66.1,64.4,0.739485214227258
"146",1,69.2,67.1,0.474192317509296
"147",2,71.2,64.3,0.30175193464262
"148",3,70.6,62.6,-0.109452055270222
"149",4,68.9,64.7,1.08436597996061
"150",5,69.7,66,0.858867017750341
"151",1,68.1,54.5,-0.215569213957407
"152",2,66.2,54.5,-0.242098503629203
"153",3,64.5,55.9,-0.706361072885637
"154",4,67.8,64,-0.162510634613814
"155",5,70.7,68.8,0.23542871046313
"156",1,68.2,63.2,-0.560449979690758
"157",2,67.8,66.7,-0.12271670010612
"158",3,68.4,59.6,0.805808438406749
"159",4,67.2,52.7,0.500721607181092
"160",5,67.4,59.7,1.54862854921704
"161",1,65.5,60.8,-1.31653473533695
"162",2,71,64.7,-0.255363148465101
"163",3,70.3,66.7,0.00992974825286138
"164",4,70.5,68.9,0.222164065627231
"165",5,70.6,65,0.991513466109323
"166",1,68.3,64.1,-0.533920690018962
"167",2,68,66.6,-0.732890362557434
"168",3,66.4,64.6,-1.05124183861899
"169",4,65.7,63.7,0.142576196611843
"170",5,65,59.2,0.500721607181092
"171",1,70.8,68.7,-1.72773872524979
"172",2,70.1,69,-0.135981344942018
"173",3,68.5,61.9,0.567044831360583
"174",4,67.4,62.1,-0.905330745424109
"175",5,60.3,47.8,-0.494126755511267
"176",1,59.8,42.5,0.93845488676573
"177",2,65.5,57.5,0.898660952258036
"178",3,69.9,66.8,0.195634775955435
"179",4,70.2,67.6,1.77412751142731
"180",5,69.1,67,1.20374778348369
"181",1,62.4,54.8,0.116046906940046
"182",2,56.1,43.1,0.87213166258624
"183",3,56.1,42.7,0.129311551775945
"184",4,62.4,54.6,-0.33495101748049
"185",5,62.6,58.5,0.925190241929832
"186",1,57.5,44.9,1.32312958700678
"187",2,54.5,42.7,0.712955924555462
"188",3,55.3,45.3,-0.295157082972796
"189",4,56.8,46.4,-0.600243914198452
"190",5,58.1,51.2,-0.109452055270222
"191",1,59.5,54.3,0.580309476196481
"192",2,62.1,51.8,0.72622056939136
"193",3,64.8,58.1,1.1374245593042
"194",4,65.8,56.3,0.381339803658009
"195",5,62.8,57.5,1.28333565249908
"196",1,65.7,62.3,0.752749859063156
"197",2,61.5,51.6,0.169105486283639
"198",3,56.4,44.3,-0.427803531331777
"199",4,58.4,52.6,-0.029864186254833
"200",5,60.6,56.6,0.792543793570851
"201",1,51.5,44,-1.60835692172671
"202",2,53.9,47.3,0.712955924555462
"203",3,57.5,55.4,-0.175775279449712
"204",4,59.4,57.4,0.169105486283639
"205",5,62.3,57,1.57515783888884
"206",1,54.4,41.1,0.72622056939136
"207",2,59.1,52.4,-0.281892438136897
"208",3,52.5,44.6,-0.0431288310907311
"209",4,48.4,34.5,0.93845488676573
"210",5,48,30.2,1.1374245593042
"211",1,50.7,33,0.779279148734953
"212",2,47.5,34.1,0.51398625201699
"213",3,46.8,38.6,-0.0431288310907311
"214",4,54.8,50.9,0.712955924555462
"215",5,62.3,59.7,1.97309718396578
"216",1,42,26,1.28333565249908
"217",2,43.5,30.4,-0.679831783213841
"218",3,46.5,41.4,0.978248821273425
"219",4,57.8,55.7,1.1241599144683
"220",5,47.1,32,1.60168712856064
"221",1,47.1,30.4,-1.39612260435234
"222",2,45.7,36.8,1.1374245593042
"223",3,33.5,20.7,0.421133738165703
"224",4,42.8,27.4,0.779279148734953
"225",5,53,39.1,0.739485214227258
"226",1,55.9,53.7,0.65989734521187
"227",2,47,29.2,0.51398625201699
"228",3,38,21.5,0.606838765868277
"229",4,39,26.7,0.885396307422138
"230",5,46.2,41.9,1.8669800252786
"231",1,27,4.4,1.97309718396578
"232",3,53.3,51.9,2.39756581871452
"233",4,40.1,28.4,-1.75426801492159
"234",5,31.2,12.9,-1.6481508562344
"235",1,44,42.1,-0.162510634613814
"236",2,41.8,38.2,-0.109452055270222
"237",3,39.8,31.7,-0.54718533485486
"238",4,43.4,40.5,0.155840841447741
"239",5,50.6,49.7,2.62306478092479
"240",1,40.8,36.3,1.03130740061702
"241",2,38.8,35.1,-0.295157082972796
"242",3,31.8,20.6,0.580309476196481
"243",4,28.1,11.3,1.1506892041401
"244",5,28.1,12,1.77412751142731
"245",1,32,15.5,1.04457204545292
"246",2,28.6,15.9,1.8802446701145
"247",3,35.4,30.1,1.8537153804427
"248",4,39.1,27.5,0.606838765868277
"249",5,42.5,37.5,1.49556996987345
"250",1,48.7,47.5,1.93330324945809
"251",2,38.4,34.9,-0.613508559034351
"252",4,33.3,26.8,-1.76753265975749
"253",5,33.1,22.7,-1.13082970763438
"254",1,42.5,36.9,-1.13082970763438
"255",2,28.5,16.8,-1.27674080082926
"256",4,31.1,22.4,0.433179415713778
"257",5,24.2,20.2,-1.8982402977149
"258",1,46.3,45.1,-0.66776878229421
"259",2,23.9,10.4,-1.01748173930851
"260",3,18.2,5,0.601559728350294
"261",4,23.5,8.3,-0.110818517419581
"262",5,28.8,22.6,1.26212864715509
"263",1,38.6,31.2,-0.020152195230688
"264",2,45.5,43.2,-0.136723180902122
"265",3,41.1,38.4,0.174132780888369
"266",4,40.8,39.3,-0.628911787070399
"267",5,38.6,35.8,0.251846771335991
"268",3,25,20.3,-0.926815417119619
"269",4,16.5,5.1,0.549750401385212
"270",5,14.8,-0.5,1.75431725332336
"271",1,38.8,32.3,-0.758435104483104
"272",2,22.2,-1.3,-0.849101426671997
"273",3,20.3,10.4,1.02898667581222
"274",4,22,5.8,1.13260532974238
"275",5,33.7,26.7,-0.123770849160852
"276",2,32.5,26.2,0.562702733126482
"277",3,32.3,29.1,-1.31538536935773
"278",4,30.4,24.5,-0.00719986348941752
"279",5,28.1,15.7,1.36574730108525
"280",1,28.9,18.8,1.40460429630906
"281",2,24,6.4,0.860606363175703
"282",3,23.7,10,0.912415690140784
"283",4,37,32,-1.58738433592441
"284",5,40.2,35.7,2.88117011481389
"285",1,24.3,8.9,-1.01748173930851
"286",2,28.2,18.5,-0.66776878229421
"287",3,35,29.4,-0.227389503091015
"288",4,39.6,32.2,-0.175580176125933
"289",5,42.2,40,-0.318055825279908
"290",1,37.5,25.8,-0.00719986348941752
"291",2,27,8.7,-0.732530441000563
"292",3,25.8,12.6,-0.758435104483104
"293",4,24.7,11.2,0.0187047999931234
"294",5,20.3,0.3,1.10670066625984
"295",1,27.3,20.3,-1.67805065811331
"296",2,24.8,12.2,-0.486436137916424
"297",3,29.5,18.3,-1.01748173930851
"298",4,26.3,14,-0.149675512643392
"299",5,29.4,20.9,-0.473483806175154
"300",1,33.5,24,-0.732530441000563
"301",2,41.3,34.1,-0.771387436224374
"302",3,43.4,37.1,-0.706625777518022
"303",4,32.2,27.9,-0.318055825279908
"304",5,25.4,9,0.20003744437091
"305",1,28.5,12.1,-0.65481645055294
"306",2,27.7,14.7,-0.240341834832286
"307",3,35,23.6,-0.577102460105317
"308",4,41.7,37.6,0.744035377504269
"309",5,39.3,28.2,0.251846771335991
"310",1,27.4,8,-0.292151161797367
"311",2,26.5,10.5,-1.23767137891011
"312",3,30.8,22.2,-0.0849138539370402
"313",4,28.4,8.6,-0.408722147468801
"314",5,41.2,35.6,-0.512340801398965
"315",1,37.8,35.3,-0.136723180902122
"316",2,37.1,29.8,-0.266246498314826
"317",3,39.3,28.6,-0.65481645055294
"318",4,40.9,30.9,0.290703766559803
"319",5,40,30.2,0.679273718797916
"320",1,42,33.9,-0.473483806175154
"321",2,47.7,45.8,0.472036410937589
"322",3,46.8,36.1,0.329560761783614
"323",4,41.6,28.9,0.977177348847137
"324",5,48,40.6,0.5108934061614
"325",1,52.2,47.8,-0.719578109259292
"326",2,52.6,48,-1.52262267721806
"327",3,42.9,32.6,0.00575246825185293
"328",4,37.5,23.8,-0.797292099706915
"329",5,40.4,32,-0.95272008060216
"330",1,43.1,36.9,-0.628911787070399
"331",2,49.5,43.2,-1.43195635502917
"332",3,49.5,45.4,-0.434626810951342
"333",4,49.6,28.7,0.21298977611218
"334",5,49,32.3,0.614512060091564
"335",1,46.5,37.2,0.355465425266155
"336",2,44.2,36,-0.188532507867204
"337",3,43.5,36.5,1.05489133929476
"338",4,50.3,48.3,1.04193900755349
"339",5,51.9,44.7,1.66365093113447
"340",1,53.7,40,0.627464391832835
"341",2,52.2,40.5,-0.0590091904544993
"342",3,51.6,38.3,0.433179415713778
"343",4,52,43.4,0.342513093524885
"344",5,51.5,44.5,0.187085112629639
"345",1,57.8,46.2,0.148228117405828
"346",2,51.8,43.8,-0.123770849160852
"347",3,51.2,44.3,0.886511026658244
"348",4,57.8,51.8,1.15850999322492
"349",5,58.3,52.8,1.68955559461701
"350",1,56.9,41.8,0.0316571317343938
"351",2,56.4,45.7,1.04193900755349
"352",3,56.3,47.6,0.0705141269582052
"353",4,50.3,46.2,0.303656098301073
"354",5,54.9,48.6,1.17146232496619
"355",1,56.7,51.1,-1.7687169803022
"356",2,61.1,52.9,0.977177348847137
"357",3,51.1,48.4,-0.408722147468801
"358",4,52,42.7,1.21031932019
"359",5,49.7,42.2,1.04193900755349
"360",1,57.4,46.6,0.951272685364596
"361",2,58.2,47.9,1.21031932019
"362",3,55.2,51.2,0.161180449147098
"363",4,60,57.2,-0.00719986348941752
"364",5,61.3,54.4,2.24650585949164
"365",1,61.2,57,-0.538245464881506
"366",2,63.8,60.7,-0.00719986348941752
"367",3,61.2,54.4,0.0834664586994756
"368",4,61,53,-0.0849138539370402
"369",5,61.7,58.6,1.79317424854717
"370",1,65.2,50,0.679273718797916
"371",2,62.5,55.2,1.24917631541382
"372",3,71.6,62.9,1.21031932019
"373",4,67.3,61.5,1.36574730108525
"374",5,64.6,48.8,2.53145715779959
"375",1,62.1,50.3,0.964225017105866
"376",2,60,51.9,0.808797036210621
"377",3,66.8,61.6,0.990129680588407
"378",4,66.7,64.4,1.3009856423789
"379",5,63.9,53.8,1.17146232496619
"380",1,67.3,61.6,0.523845737902671
"381",2,68.6,65.1,0.601559728350294
"382",3,69,66,1.14555766148365
"383",4,69.1,67.3,2.20764886426783
"384",1,68.6,62.8,0.575655064867753
"385",2,69.5,66.2,0.316608430042344
"386",3,69.4,66.7,-0.00719986348941752
"387",4,69.4,66.1,0.187085112629639
"388",5,69.1,62.4,0.938320353623325
"389",1,69.7,67,-0.0331045269719584
"390",2,71.4,69.1,0.225942107853451
"391",3,70.4,68.5,-0.240341834832286
"392",4,70.4,63.7,0.225942107853451
"393",5,69.6,59.4,0.705178382280457
"394",1,65.9,63.3,-0.162627844384663
"395",2,67.1,63.5,0.225942107853451
"396",3,69.2,65.9,0.277751434818532
"397",4,69.6,66.7,-0.395769815727531
"398",5,67.4,60.8,1.0807960027773
"399",1,69.4,66.9,0.329560761783614
"400",2,68.9,62.8,-0.564150128364047
"401",3,67.3,60.6,0.459084079196319
"402",4,67.7,62.9,0.731083045762998
"403",5,67.5,62.9,1.26212864715509
"404",1,68.2,65.5,0.251846771335991
"405",2,69.2,67.4,0.472036410937589
"406",3,70.1,65.7,-0.0978661856783107
"407",4,69.3,60.6,0.20003744437091
"408",5,66.3,57.6,0.407274752231237
"409",1,66.3,59.2,0.446131747455048
"410",2,67.2,62.2,-1.01748173930851
"411",3,66.6,63.5,0.0316571317343938
"412",4,67.8,60.8,0.718130714021728
"413",5,66.8,59.2,-0.615959455329129
"414",1,67.9,57.7,0.329560761783614
"415",2,63.9,56.9,-0.693673445776751
"416",3,63.8,55.9,-0.240341834832286
"417",4,67.1,60.6,-0.0331045269719584
"418",5,63.9,60,-0.020152195230688
"419",1,63.3,56.5,-0.266246498314826
"420",2,63,56,0.49794107442013
"421",3,67.5,64.7,-0.408722147468801
"422",4,71,62.4,0.627464391832835
"423",5,67.2,53.4,0.79584470446935
"424",2,71.1,69.4,1.68955559461701
"425",3,74,65.1,0.135275785664557
"426",4,69.4,60.8,2.03926855163131
"427",5,70.3,67.2,1.00308201232968
"428",1,63.6,55.3,0.368417757007426
"429",2,64.6,56.5,0.290703766559803
"430",3,66.2,61.2,0.627464391832835
"431",4,64.4,60.3,0.640416723574105
"432",5,67.1,58.8,2.07812554685512
"433",1,57.5,47.6,0.523845737902671
"434",2,61.2,50.8,0.562702733126482
"435",3,61.9,54.4,1.14555766148365
"436",4,61.1,47.4,1.04193900755349
"437",5,57.2,42.7,1.01603434407095
"438",1,67.9,61.5,1.19736698844873
"439",2,59,42.3,0.290703766559803
"440",3,58.9,51.3,-0.0460568587132289
"441",4,59.7,55.3,-1.01748173930851
"442",5,63.1,59.1,0.951272685364596
"443",1,65.9,63.2,-0.0460568587132289
"444",2,63.3,61.3,0.251846771335991
"445",3,62.4,60.6,-0.136723180902122
"446",4,59.9,56.3,-0.149675512643392
"447",5,58.5,54,1.93564989770115
"448",1,55.7,42.6,0.899463358399514
"449",2,63,57,0.653369055315375
"450",3,65.2,60.4,0.899463358399514
"451",4,60.8,45.9,-0.913863085378349
"452",5,59,44,-0.36986515224499
"453",1,50.9,43.2,-1.53557500895933
"454",2,63.2,58.4,1.6506985993932
"455",3,64.9,62.1,0.0705141269582052
"456",4,65,63.4,0.420227083972507
"457",5,63.2,59.7,1.01603434407095
"458",1,49,32.4,0.277751434818532
"459",2,57.7,52.3,0.48498874267886
"460",3,57,55.4,1.79317424854717
"461",4,59.5,57,0.899463358399514
"462",5,54.3,51.1,1.28803331063763
"463",1,54.1,40.5,0.938320353623325
"464",2,54.3,48,0.0187047999931234
"465",3,61.9,59,-0.175580176125933
"466",4,56.1,45,0.731083045762998
"467",5,51.3,43.6,1.27508097889636
"468",1,44.6,20.6,0.718130714021728
"469",2,52.7,37.7,-0.408722147468801
"470",3,57.7,52.4,-0.201484839608474
"471",4,53.6,48.7,1.06784367103603
"472",5,52.5,46.7,0.925368021882055
"473",1,48.2,42.2,-0.123770849160852
"474",2,51,47.2,-0.991577075825972
"475",3,56.5,53.5,-0.305103493538638
"476",4,49.8,41.1,1.63774626765193
"477",5,43.7,34.9,1.09374833451857
"478",1,52.1,48.9,1.24917631541382
"479",2,48.9,39.6,1.84498357551226
"480",3,33.6,14.6,0.821749367951891
"481",4,45.7,32.6,0.847654031434432
"482",5,36.8,15.4,1.39165196456779
"483",1,54.8,52.5,1.97450689292496
"484",2,56.7,53.5,0.381370088748696
"485",3,48,41.1,2.23355352775037
"486",5,37,30.9,-1.62624133114822
"487",1,53.2,49,0.964225017105866
"488",2,42.5,32.4,0.536798069643941
"489",3,51.2,48.4,-0.00719986348941752
"490",4,43.1,28,0.472036410937589
"491",5,39.3,27.7,1.33984263760271
"492",1,35.4,24.7,0.122323453923287
"493",2,48.7,45.1,0.977177348847137
"494",3,47.9,44.8,1.02898667581222
"495",4,40.8,33.7,1.28803331063763
"496",5,37,27.8,1.5211752819805
"497",1,37.8,31.6,1.94860222944242
"498",2,44,37,0.977177348847137
"499",3,48.6,45.7,-0.188532507867204
"500",4,42.4,32.2,0.666321387056646
"501",5,37.3,26.2,1.06784367103603
"502",1,42.9,37.4,-0.0460568587132289
"503",2,47.4,44.2,2.10403021033767
"504",3,50.7,49.2,-0.65481645055294
"505",5,44.8,33.5,-1.60033666766568
"506",1,41.2,27.8,-2.05366827861015
"507",2,32.1,15.4,-1.30243303761646
"508",3,26.9,8.3,-1.40605169154663
"509",5,40.4,21.5,-1.83198917118139
"510",1,44,32.1,-1.18639649379364
"511",2,20.8,5.2,2.03003845247747
"512",3,22.6,10.2,-0.725258867088108
"513",4,13.1,-2.4,-0.321763443720763
"514",5,35.2,22.5,1.73029899511887
"515",1,40.9,35.6,-0.241064359047295
"516",2,32.6,25.6,0.139374182984773
"517",3,32.1,24,-1.09416896845254
"518",4,35.8,33.6,-0.609974460411724
"519",5,34.5,23.4,-0.437047850397148
"520",1,41.7,36,-1.20945337512892
"521",2,35.7,23.4,-1.16333961245837
"522",3,32.3,17.7,-1.22098181579656
"523",4,35.5,30.5,-1.07111208711726
"524",5,31.6,20.4,-0.0335524270298033
"525",1,31.2,20.9,-1.34779466314058
"526",3,21.6,14.7,-1.64753412049918
"527",4,29.2,20.9,-0.944299239773237
"528",5,35.1,31.1,0.243130148993518
"529",1,33.1,27.4,0.911779707716546
"530",2,21,11.7,1.60348614777485
"531",3,28.1,18.4,-0.183422155709103
"532",4,34.1,28.9,-0.367877206391317
"533",5,16.8,5,0.588983369022671
"534",1,37.1,34.3,-0.621502901079362
"535",2,36.4,32.9,-0.34482032505604
"536",3,32.6,23.3,0.104788860981858
"537",4,31,23.6,-0.863600155099769
"538",5,21.8,11,1.7994696391247
"539",1,10.7,-4.6,-2.29312679788693
"540",2,21.7,11.8,0.220073267658242
"541",3,30.6,24.5,0.289243911664072
"542",4,27,19.7,-0.990413002443791
"543",5,14.1,-0.8,0.23160170832588
"544",1,29.4,19.6,-0.310235003053125
"545",2,14.3,0.2,-0.241064359047295
"546",3,29.9,21.8,0.312300792999349
"547",4,28,19.6,-0.713730426420469
"548",5,24.2,12.2,1.17693384307223
"549",1,33.4,27.2,0.565926487687394
"550",2,27,10.3,0.346886115002264
"551",3,36.1,33.8,-0.310235003053125
"552",1,35.6,26.1,0.692739335031416
"553",2,36.5,30.3,-0.194950596376741
"554",3,42.1,38.5,-0.413990969061871
"555",4,38.1,21.9,-0.171893715041464
"556",5,31.1,11.6,0.0932604203142191
"557",1,32.9,18.5,-0.829014833096853
"558",2,38.6,34.1,-0.840543273764492
"559",3,31,3.9,-0.621502901079362
"560",4,27.6,-1.5,-0.218007477712018
"561",5,30.3,13.2,-0.356348765723679
"562",1,27.2,1.4,-0.171893715041464
"563",2,31.4,16.3,0.00103289497311189
"564",3,33.6,24.1,-0.725258867088108
"565",4,42.6,39.7,-0.875128595767407
"566",5,42.4,40,-0.794429511093938
"567",1,36.8,28.3,-0.517746935070616
"568",2,39.4,31.2,0.312300792999349
"569",3,37.9,24.8,0.542869606352117
"570",4,37.1,27.6,0.600511809690309
"571",5,45,41.6,-1.26709557846711
"572",1,43.2,36.1,-1.04805520578198
"573",2,44.2,40.5,-1.71670476450501
"574",3,41.2,34.2,-1.65906256116682
"575",4,39.4,35.5,-1.71670476450501
"576",5,43.9,41.7,-1.3247377818053
"577",1,45,38.2,-0.540803816405893
"578",2,49.8,46.3,-0.679145104417554
"579",3,50.6,35.8,-0.0681377490327185
"580",4,46.4,28.5,-0.471633172400063
"581",5,47.5,43.2,0.900251267048908
"582",1,45.2,40.7,0.335357674334626
"583",2,51.5,48.6,0.508284284349202
"584",3,49.8,39.7,-0.379405647058956
"585",4,46.9,37.6,0.127845742317134
"586",5,44,27.7,0.865665945045992
"587",1,49,37.9,-0.49469005373534
"588",2,46,35.9,0.139374182984773
"589",3,49.3,38.5,0.900251267048908
"590",4,48.1,38.3,0.45064208101101
"591",5,43.8,37.2,0.473698962346287
"592",1,52.2,47.2,0.462170521678648
"593",2,57.1,48.6,0.427585199675733
"594",3,55.3,42.1,-0.379405647058956
"595",4,55.9,42.3,0.9578934703871
"596",5,52.4,47.8,1.24610448707806
"597",1,57.9,55.9,0.508284284349202
"598",2,58.3,56.2,0.9578934703871
"599",3,59.5,47.2,0.623568691025586
"600",4,54,39.9,0.612040250357947
"601",5,54.4,46.4,1.407502656425
"602",1,53.9,48.8,-0.402462528394232
"603",2,51.4,49.9,0.0586750983113039
"604",3,58.8,50.1,0.750381538369608
"605",4,54.8,41.1,0.16243106432005
"606",5,53.8,48,1.45361641909555
"607",1,58.9,52.6,-2.08561486586944
"608",2,61.1,56.2,0.980950351722376
"609",3,62.4,57.8,1.1077631990664
"610",4,62.4,57.6,0.934836589051823
"611",1,55.9,52.8,1.03859255506057
"612",2,53.4,50.1,0.473698962346287
"613",3,53,44.9,0.658154013028501
"614",4,52.2,42.8,-0.56386069774117
"615",5,53.1,46.6,1.05012099572821
"616",1,59.6,51.8,0.381471437005179
"617",2,64,59.9,0.588983369022671
"618",3,65.2,58.5,0.761909979037247
"619",4,64.6,59.7,0.750381538369608
"620",5,67,60.2,-1.72823320517265
"621",1,57.8,51.4,-1.09416896845254
"622",2,64.2,61.9,-0.0911946303679954
"623",3,64.8,53.9,1.21151916507514
"624",4,59.1,47.7,0.16243106432005
"625",5,65.6,58,1.51125862243374
"626",1,67.1,62.7,1.99545313047456
"627",2,65.5,61.1,1.17693384307223
"628",3,70.8,62.5,2.04156689314511
"629",4,68.7,57.9,0.796495301040162
"630",5,66,60.5,1.99545313047456
"631",1,64.3,59.4,0.704267775699055
"632",2,67.1,61.8,0.243130148993518
"633",3,65.5,62.2,0.946365029719461
"634",4,68.7,62.5,0.0240897763083887
"635",5,68.3,58.3,-0.598446019744085
"636",1,69.2,64.4,-0.0335524270298033
"637",2,68.1,64.3,0.51981272501684
"638",3,70.6,67.8,0.220073267658242
"639",4,69.1,61.2,-0.390934087726594
"640",5,65.2,60.1,1.24610448707806
"641",1,70.9,64.9,0.773438419704885
"642",2,67.4,63,0.646625572360863
"643",3,72.3,68.8,0.116317301649496
"644",4,67.3,57.3,0.980950351722376
"645",5,64.9,57.6,0.669682453696139
"646",1,73.4,69.9,1.45361641909555
"647",2,72.6,69.7,0.0586750983113039
"648",3,73.7,65,0.197016386322965
"649",4,71.9,60.8,0.254658589661157
"650",5,71.7,60.3,-1.27862401913475
"651",1,71.1,66.5,0.289243911664072
"652",2,72.4,68.7,0.485227403013925
"653",3,76,69.9,0.323829233666987
"654",4,74.2,70.7,1.33833201241917
"655",5,76.7,68.5,1.75335587645415
"656",1,74,68.2,1.19999072440751
"657",2,75,71.7,0.750381538369608
"658",3,74.5,68.8,0.208544826990603
"659",4,73.5,59.6,0.335357674334626
"660",5,71.2,61.9,1.44208797842791
"661",1,66.9,60.8,0.116317301649496
"662",2,67.9,64.4,0.00103289497311189
"663",3,71.9,67.4,0.485227403013925
"664",4,71.1,65.8,1.30374669041625
"665",5,70.4,63.5,1.47667330043083
"666",1,74.1,70.4,-0.102723071035634
"667",2,74.5,71,0.254658589661157
"668",3,73.9,70.1,-0.079666189700357
"669",4,73.4,69.4,-0.0104955456945265
"670",5,73.6,70.2,1.75335587645415
"671",1,71.7,69.2,-0.298706562385487
"672",2,72.8,68.7,-0.0681377490327185
"673",3,73.8,68.1,0.0586750983113039
"674",4,72.3,60.6,0.150902623652411
"675",5,71.4,59.5,0.0932604203142191
"676",1,74.8,69.6,0.150902623652411
"677",2,74.6,64.7,0.289243911664072
"678",3,66,62.6,0.612040250357947
"679",4,74.5,70,0.73885309770197
"680",5,70.6,65.2,0.485227403013925
"681",1,73,66.9,-1.33626622247294
"682",2,76.4,69.6,2.23755038449496
"683",3,75.8,71,1.60348614777485
"684",4,73.8,71.2,1.32680357175153
"685",5,68.6,65.6,1.89169716446581
"686",1,67.6,57.8,-0.252592799714933
"687",2,70.8,58.4,-0.252592799714933
"688",3,72.8,61.9,1.69571367311596
"689",4,69.3,65.6,1.6495999104454
"690",5,70.1,66.5,1.83405496112762
"691",1,63.9,52.9,0.266187030328795
"692",2,63.5,55.8,-0.34482032505604
"693",3,62.4,55.2,-1.15181117179073
"694",4,61.5,54.2,0.208544826990603
"695",5,61.2,50.2,-0.183422155709103
"696",1,66.8,62,-0.171893715041464
"697",2,69.3,65.6,-0.506218494402978
"698",3,70.5,68.3,0.381471437005179
"699",4,59.7,55.3,0.946365029719461
"700",5,56,53.3,2.27213570649788
"701",1,58.6,52.1,-0.0450808676974417
"702",2,59.4,51.7,0.346886115002264
"703",3,57,50.5,0.773438419704885
"704",4,59.8,51.9,0.750381538369608
"705",5,58.9,52.7,1.88016872379817
"706",1,60.2,55.1,-1.10569740912018
"707",2,64.4,61.2,1.41903109709264
"708",3,63.8,57.7,0.658154013028501
"709",4,57.1,42,0.946365029719461
"710",5,60.1,47.3,0.865665945045992
"711",1,42.8,24.8,0.761909979037247
"712",2,58.2,45.6,1.30374669041625
"713",3,62.7,52.4,1.37291733442208
"714",4,60.5,55.7,0.750381538369608
"715",5,56.2,43,1.62654302911013
"716",1,52.3,39.8,1.11929163973404
"717",2,46.7,36.2,0.346886115002264
"718",3,53.8,46.9,1.01553567372529
"719",4,63.2,60.9,1.91475404580109
"720",5,57.4,41.6,1.00400723305765
"721",1,58.3,49.4,0.139374182984773
"722",2,54.4,50.7,0.623568691025586
"723",3,57,49.3,0.819552182375439
"724",4,58.9,55.9,1.02706411439293
"725",5,62.3,60.4,0.173959504987688
"726",1,51.4,37.7,0.16243106432005
"727",2,55.8,50.8,1.7994696391247
"728",3,56.1,53.7,-0.817486392429215
"729",4,52.5,49,0.416056759008095
"730",5,58.3,47.5,0.877194385713631
"731",1,54,41.2,0.197016386322965
"732",2,45.3,31.2,0.9578934703871
"733",3,42.9,33.8,0.312300792999349
"734",4,50.4,43.6,2.26060726583024
"735",1,45.2,35.2,1.18846228373987
"736",2,37.5,17,1.52278706310138
"737",3,39.6,26.8,1.33833201241917
"738",5,52.6,48.4,-1.39390842581114
"739",1,40.5,26.7,0.116317301649496
"740",2,40.1,32.7,1.67265679178068
"741",3,53.6,51.9,0.623568691025586
"742",4,53.5,47.1,0.254658589661157
"743",5,45.6,32,0.911779707716546
"744",1,50.8,45.5,0.773438419704885
"745",2,47.4,42.3,0.197016386322965
"746",3,43.7,32.9,-0.298706562385487
"747",4,51.1,46.4,0.773438419704885
"748",5,52.2,50,1.07317787706348
"749",1,52.6,48.2,0.416056759008095
"750",2,58,51.5,1.77641275778943
"751",3,46.5,35.5,0.831080623043077
"752",4,48.9,43.7,1.66112835111304
"753",5,54.2,52.4,1.91475404580109
"754",1,49.5,40.8,0.127845742317134
"755",2,54.8,52.1,1.13082008040168
"756",4,57.7,55.8,0.0240897763083887
"757",1,40.9,30,-1.27862401913475
"758",2,42.8,35.9,-0.7829010704263
"759",3,44.8,40.6,-1.15181117179073
"760",4,46.5,41.8,-0.85207171443213
"761",1,38.2,27.4,-0.313331472558909
"762",2,27.7,18.1,0.129774267833335
"763",3,33.5,19.3,-0.0406510169329127
"764",4,40.5,29.9,-0.983670925972817
"765",5,41.3,33.1,-0.301969786907826
"766",1,43.2,30.5,0.584241693876663
"767",2,33,19.1,0.0956892108800855
"768",3,32.9,18.2,-0.267884729954577
"769",4,28.9,14.7,-0.358778215163242
"770",5,36.5,25.6,1.06143249122216
"771",1,34.4,24.9,-1.67673375068889
"772",2,25.5,4.8,0.379731352157165
"773",3,29.4,11.2,-0.0633743882350791
"774",4,30.9,10.8,0.425178094761498
"775",5,28,11.8,0.834198778200493
"776",1,33.5,21.2,0.334284609552832
"777",2,42.2,36.4,1.19777271903515
"778",3,43,36.7,0.470624837365831
"779",4,35,24.4,0.595603379527746
"780",5,41.3,36.8,0.186582696088751
"781",1,47.6,43.1,0.993262377315657
"782",2,43.2,32.2,0.936453949060241
"783",3,42.6,37.8,-0.563288556882739
"784",4,51.6,49.4,-0.222437987350244
"785",5,40.8,38.4,-0.24516135865241
"786",1,36.4,31.4,-1.44950003766723
"787",2,33.1,27.8,-0.654182042091405
"788",3,33.5,28,-1.04047935422823
"789",4,31.5,21.3,-0.0747360738861623
"790",5,19.3,4.2,-0.00656595997966318
"791",2,44.5,41.7,-0.154267873443745
"792",3,41.5,35.8,-1.17681958204123
"793",4,36,23.1,-0.415586643418658
"794",5,34.7,21.7,-1.09728778248365
"795",1,41.8,31.7,-0.154267873443745
"796",2,36.5,26.3,-0.0633743882350791
"797",3,46.9,43.7,0.357007980854999
"798",4,51,47.1,0.391093037808248
"799",5,40.2,23.9,-1.73354217894431
"800",1,47.8,40.9,-0.142906187792661
"801",2,43.2,29,0.379731352157165
"802",3,45.7,38.8,0.277476181297417
"803",4,29.9,11.8,-0.0406510169329127
"804",5,33.9,26.2,0.641050122132079
"805",1,36.8,26.1,-0.654182042091405
"806",2,44.4,36.5,0.0388807826246696
"807",3,46.4,41.8,0.357007980854999
"808",4,49.6,43.8,0.00479572567142001
"809",5,46.8,42.9,0.493348208667997
"810",1,43.8,33.8,0.129774267833335
"811",2,48.3,45.7,-0.233799673001327
"812",3,45.2,41.9,0.00479572567142001
"813",4,45.4,42.5,-0.188352930396994
"814",5,47,37,0.175221010437668
"815",1,37.4,32,-0.131544502141578
"816",2,40.8,23.9,-0.00656595997966318
"817",3,48.6,40.2,-0.0860977595372455
"818",4,45.1,38.1,0.0729658395779191
"819",5,50.8,48.5,-0.938224183368485
"820",1,45.1,41.4,0.334284609552832
"821",2,48.6,34.9,0.618326750829912
"822",3,43.4,24.8,0.243391124344167
"823",4,51,44.6,0.266114495646333
"824",5,54.8,52.5,0.834198778200493
"825",1,36.5,22.1,0.618326750829912
"826",2,35.1,23.5,0.493348208667997
"827",3,37,15.3,-0.00656595997966318
"828",4,50.9,44.8,0.0161574113225032
"829",5,49.7,43.2,0.766028664293994
"830",1,47.8,38.9,-0.0520127025839959
"831",2,52.5,48.6,0.107050896531169
"832",3,46.7,34.2,0.811475406898326
"833",4,44,32.4,0.516071579970164
"834",5,46.4,28.4,1.18641103338407
"835",1,49.5,35.9,0.663773493434245
"836",2,46.9,40,1.17504934773299
"837",3,47.3,33.8,0.777390349945077
"838",4,49.6,39,0.743305292991827
"839",5,55.4,48.4,1.27730451859274
"840",1,48.4,36.3,-1.59720195113131
"841",2,46.8,42.8,-1.69945712199106
"842",3,45,36.9,-1.34724486680748
"843",4,47.7,34.1,-1.58584026548023
"844",5,46.1,33.9,-1.2677130672499
"845",1,51.3,48,-0.449671700371908
"846",2,48.2,45,0.936453949060241
"847",3,47.3,43.5,0.277476181297417
"848",4,45.5,43.9,-0.0292893312818296
"849",5,48.5,43.5,1.12960260512866
"850",1,54,40.6,0.197944381739834
"851",2,51.9,38.2,-0.233799673001327
"852",3,55.6,42.2,0.800113721247243
"853",4,55.2,45.5,1.31138957554599
"854",5,55.5,51.7,1.56134665986982
"855",1,50.8,31.4,1.28866620424382
"856",2,55,44.5,-0.0520127025839959
"857",3,55.5,45.2,0.53879495127233
"858",4,53.9,44.5,0.743305292991827
"859",5,56.4,47.9,1.74313363028715
"860",1,59.4,50.3,0.266114495646333
"861",2,54.6,52,0.75466697864291
"862",3,57.9,53.4,1.18641103338407
"863",4,65.7,53.9,1.28866620424382
"864",5,60,55.8,1.5727083455209
"865",1,62.4,60.5,-1.79035060719972
"866",2,62.8,60.6,1.49317654596332
"867",3,64,56.4,1.62951677377632
"868",4,55.7,53.5,0.618326750829912
"869",5,58.4,55.9,0.925092263409158
"870",1,62.9,61.1,1.47045317466115
"871",2,61.2,59.8,0.913730577758075
"872",3,61.7,55.2,1.52726160291657
"873",4,59.9,46.7,0.652411807783162
"874",1,61.5,47.2,0.197944381739834
"875",2,62.2,50,1.00462406296674
"876",3,63.7,55,1.25458114729057
"877",4,65.2,56.3,0.686496864736411
"878",5,63,51.5,1.35683631815032
"879",1,61.4,55.9,1.32275126119707
"880",2,63.6,59.9,0.595603379527746
"881",3,65.6,60.2,1.39092137510357
"882",4,63,59.4,0.163859324786585
"883",1,64.3,58.3,1.01598574861782
"884",2,66.1,64,0.527433265621247
"885",3,67.2,64.8,0.663773493434245
"886",4,68.9,63.6,1.5045382316144
"887",5,66.9,63.6,1.40228306075465
"888",1,68.4,62.6,-1.59720195113131
"889",2,67.1,65.3,0.391093037808248
"890",3,71.8,65.3,0.584241693876663
"891",4,68.7,66.7,-0.290608101256743
"892",5,65.7,64.2,-0.188352930396994
"893",1,63.1,58.4,-0.120182816490495
"894",2,66.7,61.2,0.379731352157165
"895",3,67.2,63.3,-0.24516135865241
"896",4,69.1,65.9,1.27730451859274
"897",5,70.7,67.9,1.92492060070448
"898",1,71.1,69,1.09551754817541
"899",2,73.8,65.7,0.800113721247243
"900",3,68.3,55.6,0.78875203559616
"901",4,70.4,63.4,1.16368766208191
"902",5,72.4,68.4,1.59543171682307
"903",1,71.5,68.8,0.78875203559616
"904",2,75.3,69.3,0.675135179085328
"905",3,75.4,66.3,0.697858550387495
"906",4,72.2,69,0.913730577758075
"907",5,70.8,68.3,1.65224014507848
"908",1,68.2,62.4,-0.676905413393571
"909",2,66.9,61.9,-0.301969786907826
"910",3,67.4,60,0.663773493434245
"911",4,64.2,57.8,0.981900691664574
"912",5,65.3,60.4,0.811475406898326
"913",1,71.3,61.3,0.0388807826246696
"914",2,71.5,64.7,0.243391124344167
"915",3,70.6,67.2,-0.120182816490495
"916",4,73.6,71.8,0.493348208667997
"917",5,74.3,72.2,1.14096429077974
"918",1,77.5,69.4,0.163859324786585
"919",2,73.1,69,0.175221010437668
"920",3,76.5,70,0.334284609552832
"921",4,71.5,65.7,0.0729658395779191
"922",5,74.4,65.7,0.891007206455909
"923",1,73.8,66.7,0.459263151714748
"924",2,69,52.6,0.0956892108800855
"925",3,70.1,63.3,0.0729658395779191
"926",4,71.7,66.5,0.345646295203916
"927",5,73.4,70,1.44772980335898
"928",1,72.5,66.3,0.50470989431908
"929",2,67.7,59.2,-0.0747360738861623
"930",3,70.4,65.7,0.368369666506082
"931",4,71.5,67,0.527433265621247
"932",5,69.2,63.2,0.777390349945077
"933",1,64,59.8,-2.38115826105605
"934",2,69.9,65.8,-0.0292893312818296
"935",3,70.3,66.8,0.220667753042001
"936",4,68.5,66.8,1.00462406296674
"937",5,71.4,68.3,0.981900691664574
"938",1,65.1,52.1,0.220667753042001
"939",2,64.1,55.9,1.7090485733339
"940",3,68.4,61.8,1.7090485733339
"941",4,64.5,53.4,1.45909148901007
"942",5,57.7,47.7,1.72041025898498
"943",1,71,68.8,0.584241693876663
"944",2,71.1,69.3,-0.108821130839412
"945",3,70,64.4,-0.0860977595372455
"946",4,67.2,57.8,0.357007980854999
"947",1,55.2,41.1,-0.0633743882350791
"948",2,65.4,59.8,0.345646295203916
"949",3,63.1,60.7,0.0956892108800855
"950",4,60,54.9,-0.0520127025839959
"951",1,60.5,56.1,-1.57447857982914
"952",2,60.5,54.2,-1.1995429533434
"953",3,58.7,53.2,0.75466697864291
"954",4,57.3,50.9,1.53862328856765
"955",5,55.6,49.7,1.42500643205682
"956",1,54.1,43.8,-1.01775598292607
"957",2,54.3,42.2,1.25458114729057
"958",3,52.8,46.7,-1.48358509462048
"959",4,59.6,56.6,1.45909148901007
"960",5,55.9,45.7,1.5727083455209
"961",1,64.5,59,-0.49511844297624
"962",2,63.8,61.6,-0.438310014720824
"963",3,65.6,62.5,0.53879495127233
"964",4,60.4,54.3,0.379731352157165
"965",1,57.5,41.6,-0.631458670789239
"966",2,49.1,29.5,-0.710990470346821
"967",3,44.7,28.1,0.879645520804825
"968",5,51.8,46.3,1.92492060070448
"969",1,48.3,41.9,0.300199552599583
"970",2,46.2,37.1,1.17504934773299
"971",3,55.9,49.9,0.413816409110415
"972",4,58.8,56.2,0.686496864736411
"973",5,53.6,44.3,1.68632520203173
"974",1,47.4,36.7,0.800113721247243
"975",2,47.2,38.2,-0.0974594451883287
"976",3,51.6,46.1,-0.995032611623901
"977",4,49.4,40.5,0.879645520804825
"978",5,54.9,41,0.413816409110415
"979",1,54.4,44.6,0.447901466063664
"980",2,54.8,50.1,1.27730451859274
"981",3,54.4,49.5,0.868283835153742
"982",4,48.6,43,0.891007206455909
"983",5,50.9,44.1,1.67496351638065
"984",1,38.8,23.3,0.629688436480995
"985",2,37.7,21.4,1.54998497421873
"986",4,42.2,34.3,-2.2789030901963
"987",5,48.6,43.1,-1.97213757761705
"988",1,39.5,26.7,0.209306067390917
"989",2,43.8,38.5,1.40228306075465
"990",3,52.9,51.3,1.15232597643082
"991",4,53.4,49.7,1.19777271903515
"992",5,46.4,32.8,0.697858550387495
"993",1,37.9,30.9,1.8453888011469
"994",2,41.7,31.3,0.936453949060241
"995",3,42.8,37.1,0.0956892108800855
"996",4,42.7,35.1,0.0729658395779191
"997",5,36.6,19.2,0.82283709254941
"998",1,43.6,40.4,0.413816409110415
"999",2,39.7,26.9,0.0161574113225032
"1000",3,41.2,31.1,0.686496864736411
"1001",4,29.8,14,1.3681980038014
"1002",5,18.2,-2.1,1.85675048679798
"1003",1,35.3,22.9,1.06143249122216
"1004",2,34.8,25.3,1.02734743426891
"1005",3,38.8,29,0.53879495127233
"1006",4,38.9,32.3,0.811475406898326
"1007",5,39,28.8,0.720581921689661
"1008",2,49.8,46.9,-0.676905413393571
"1009",3,39.1,26.8,-0.938224183368485
"1010",4,37.3,29.4,-0.983670925972817
"1011",5,40.4,29.9,-0.517841814278407
"1012",1,37.4,28.7,-2.00097709850669
"1013",2,44.3,40.7,0.404951324724004
"1014",3,46.5,43.7,-0.385568014337511
"1015",4,36.4,19.7,-0.820926490922114
"1016",5,31.7,25.8,-0.270999994183669
"1017",1,18.3,5.7,0.519519344877846
"1018",2,35.6,26.3,-0.305370400229822
"1019",3,45,40.9,0.0612472642624752
"1020",4,47.8,45.5,0.256012898524008
"1021",5,46.8,37.5,-0.225172786122132
"1022",1,31.6,20.7,-1.68018664207593
"1023",2,40,30.9,0.382037720693235
"1024",3,41.6,38.5,-0.855296896968267
"1025",4,40.7,36.9,-0.156431974029826
"1026",5,39.9,32.5,-0.213715984106747
"1027",1,40.9,34.4,0.496605740847078
"1028",2,48.9,46.9,-0.683444866737503
"1029",3,41.1,35.1,-0.545963242552891
"1030",4,44.3,39.9,-0.694901668752887
"1031",5,42.1,29.8,-0.465765628445201
"1032",1,34,23.1,-0.901124105029804
"1033",2,28.1,14.6,-0.603247252629813
"1034",3,38.7,31.3,-0.56887684658366
"1035",4,37.7,24.2,-0.431395222399049
"1036",5,30.9,14,-0.16788877604521
"1037",1,37.5,21,-0.637617658675966
"1038",2,38.1,32.2,0.0268768582163224
"1039",3,46.2,43.9,0.565346552939383
"1040",4,38.1,33.3,-1.33648258161441
"1041",5,21,9.1,0.966334623477833
"1042",1,35.9,30.3,0.210185690462471
"1043",2,30.1,19.1,0.737198583170148
"1044",3,36.6,32.7,-0.236629588137516
"1045",4,36.1,28.8,0.324753710616314
"1046",5,31.8,17.3,0.645544167047073
"1047",1,41.9,29.5,-2.24156994082976
"1048",2,37.1,26.6,-1.61144582998363
"1049",3,40.6,35.2,-1.68018664207593
"1050",4,44,41.7,-0.48867923247597
"1051",5,47.5,44.3,0.382037720693235
"1052",1,39.1,25.5,-0.958408115106725
"1053",2,44.2,39.9,-0.374111212322127
"1054",3,47.4,45.8,-0.603247252629813
"1055",4,47.8,36.9,0.336210512631698
"1056",5,33.2,8.8,1.39023629804705
"1057",1,28.9,11.2,-0.0647775579067518
"1058",2,36.7,27.5,0.152901680385549
"1059",3,45.9,42.6,-0.16788877604521
"1060",4,45.9,34.3,0.473692136816309
"1061",5,35.5,26.4,-0.133518369999057
"1062",1,21.9,6.4,1.92870599277011
"1063",3,29.8,20.7,0.301840106585545
"1064",5,33,13.4,1.51626112021628
"1065",1,39.2,26.3,1.44752030812397
"1066",2,39.9,26.4,0.141444878370165
"1067",3,38.6,20.9,-0.0762343599221361
"1068",4,26.4,1.5,0.909050613400912
"1069",5,35.3,21.9,0.347667314647082
"1070",1,42,38.3,0.0612472642624752
"1071",2,40.7,38.5,-0.362654410306743
"1072",3,41.9,37.1,0.553889750923999
"1073",4,40,25.9,0.175815284416318
"1074",5,37.6,30.7,1.48189071417013
"1075",1,43,31.7,0.256012898524008
"1076",2,42.9,38,-0.293913598214437
"1077",3,42.6,38.4,-0.419938420383664
"1078",4,41.9,38.5,1.02361863355475
"1079",5,47.8,42.6,0.805939395262453
"1080",1,46.9,39.6,0.118531274339397
"1081",2,49.8,44,-1.1990009574298
"1082",3,49.1,45.1,-0.958408115106725
"1083",4,49.8,38.5,-0.385568014337511
"1084",5,47.5,34.1,-1.24482816549133
"1085",1,56.4,48.3,-1.55416181990671
"1086",2,47.8,39.2,-1.23337136347595
"1087",3,41.7,32.2,-0.500136034491354
"1088",4,47.5,44.1,0.0956176703086281
"1089",5,45.7,43.4,0.760112187200916
"1090",1,46.6,42.4,-0.946951313091341
"1091",2,49.7,46.6,1.1381866537086
"1092",3,53.1,51.8,0.0727040662778595
"1093",4,52.9,50.7,0.737198583170148
"1094",1,49.3,45.3,0.175815284416318
"1095",2,55.4,53.4,1.36732269401628
"1096",3,54.7,44.3,1.03507543557014
"1097",4,51.5,34.8,0.886137009370143
"1098",5,49.4,44,1.74539716052396
"1099",1,50,41.3,0.164358482400934
"1100",2,48.3,34.9,0.313296908600929
"1101",3,48.7,38.4,0.508062542862462
"1102",4,49.5,42,0.714284979139379
"1103",1,51.1,43.8,1.2069274658009
"1104",2,57.5,46.9,0.805939395262453
"1105",3,57.9,50.2,1.48189071417013
"1106",1,51.4,40.5,1.09235944564706
"1107",2,56.8,52.3,0.404951324724004
"1108",3,53.9,49.6,0.198728888447087
"1109",4,53.8,51.1,1.3558658920009
"1110",5,55.4,52.9,1.74539716052396
"1111",2,53.5,49.6,0.267469700539392
"1112",3,55.4,53.1,0.519519344877846
"1113",4,55.7,53.8,0.347667314647082
"1114",5,58.2,48.2,1.29858188192398
"1115",1,56.6,54.5,0.370580918677851
"1116",2,52.4,50.5,0.416408126739388
"1117",3,54.5,47.5,0.588260156970152
"1118",4,52.7,45.2,0.416408126739388
"1119",5,57.6,52.7,1.67665634843166
"1120",3,67.1,51.6,1.49334751618551
"1121",4,57.2,45.8,1.68811315044704
"1122",5,59.8,52.9,0.382037720693235
"1123",3,62.6,61.8,1.37877949603167
"1124",5,64.9,63.4,1.9401627947855
"1125",1,66.7,59.2,0.519519344877846
"1126",2,64.3,61.6,1.52771792223166
"1127",3,65.4,58,1.21838426781629
"1128",4,65.6,62.6,1.64228594238551
"1129",5,66.9,63.7,1.41314990207782
"1130",1,70.9,66.1,-0.0762343599221361
"1131",2,72,61.5,-2.2873971488913
"1132",3,67.9,58.5,0.943421019447064
"1133",4,61.7,59.9,-0.144975172014442
"1134",5,66,66,0.576803354954768
"1135",1,68.3,66.1,0.496605740847078
"1136",2,68.8,68.4,0.164358482400934
"1137",3,70.8,70.2,0.61117376100092
"1138",4,70.8,69.6,1.55063152626243
"1139",5,63.7,61.5,0.954877821462449
"1140",1,67.3,66.8,0.175815284416318
"1141",2,69.4,67.9,0.943421019447064
"1142",3,71.6,70.3,1.41314990207782
"1143",4,74.7,70.6,1.7224835564932
"1144",5,75.6,69.6,1.25275467386244
"1145",1,63,58,-0.0418639538759832
"1146",2,62.8,59.4,-0.32828400426059
"1147",3,63.6,58,0.129988076354781
"1148",4,61.8,59.2,-0.156431974029826
"1149",5,69.2,66.9,0.702828177123995
"1150",1,63.9,57.3,0.370580918677851
"1151",2,68.2,64.8,0.93196421743168
"1152",3,68.6,66.6,-0.0647775579067518
"1153",4,67.5,66,1.02361863355475
"1154",5,67.7,66.7,1.53917472424705
"1155",1,67.5,64.2,-0.202259182091363
"1156",2,65.2,62.8,0.0841608682932438
"1157",3,67.1,63.5,0.359124116662466
"1158",4,67.8,66,0.301840106585545
"1159",5,67.6,65.8,0.359124116662466
"1160",1,67.7,65.2,-0.2480863901529
"1161",2,67.8,66.8,-0.534506440537507
"1162",3,71.1,65.9,-0.270999994183669
"1163",4,68,60.8,0.175815284416318
"1164",5,66.6,65.6,-0.133518369999057
"1165",1,69.9,65.6,0.0383336602317067
"1166",2,70.5,69.8,0.69137137510861
"1167",3,72.3,70.9,0.0612472642624752
"1168",4,70,60.2,0.0841608682932438
"1169",5,66.4,60,0.107074472324012
"1170",1,62.7,56.4,-0.454308826429817
"1171",2,62,58.3,-0.110604765968289
"1172",3,61.8,57.5,0.542432948908615
"1173",4,66.2,60.6,-0.0647775579067518
"1174",5,62.7,50,0.657000969062458
"1175",1,65.4,62.2,-1.0500625312298
"1176",2,68.1,66.4,0.954877821462449
"1177",3,69.6,68.6,-0.179345578060595
"1178",4,67.1,65.1,1.90579238873934
"1179",5,65.4,60.5,1.33295228797013
"1180",1,63.6,53.9,1.27566827789321
"1181",2,65.3,59.7,0.645544167047073
"1182",3,67.5,63.4,1.31003868393936
"1183",4,67.4,67.2,1.19547066378552
"1184",1,65.7,65.5,0.553889750923999
"1185",2,65.5,65.4,0.427864928754772
"1186",3,66.1,66.1,-0.465765628445201
"1187",4,63.9,63.8,-1.01569212518365
"1188",5,61.3,61.3,-0.110604765968289
"1189",1,64.2,63.7,1.17255705975475
"1190",2,65.9,65.3,0.370580918677851
"1191",3,68.7,68.6,0.828852999293222
"1192",4,69.4,66.3,1.33295228797013
"1193",5,59.6,48.5,1.52771792223166
"1194",1,58,51.4,1.32149548595475
"1195",2,54.1,47.5,0.725741781154763
"1196",3,59.3,56.1,1.00070502952399
"1197",4,63.7,62.6,0.382037720693235
"1198",5,64.9,64.2,0.290383304570161
"1199",1,66.3,66.2,-0.88966730301442
"1200",2,68.8,65.6,1.65374274440089
"1201",3,62.1,58.7,0.049790462247091
"1202",4,57.1,49.2,-0.236629588137516
"1203",5,56.4,49.4,0.393494522708619
"1204",1,62.3,58.2,0.198728888447087
"1205",2,51.1,39,1.28712507990859
"1206",3,56.7,49,1.29858188192398
"1207",4,59.7,58.3,1.63082914037012
"1208",1,59.5,58.7,0.519519344877846
"1209",2,64.3,63.4,0.702828177123995
"1210",3,65.1,65,0.278926502554776
"1211",4,60.1,59.6,0.393494522708619
"1212",5,54.1,43.5,1.55063152626243
"1213",2,57.7,44.2,0.828852999293222
"1214",3,50.6,39.9,-0.190802380075979
"1215",4,58.9,56.1,1.40169310006244
"1216",5,58.7,58.5,1.74539716052396
"1217",1,62.2,61.6,0.668457771077842
"1218",2,53,46.7,0.989248227508602
"1219",3,47,43.6,0.439321730770156
"1220",4,48.3,39.9,0.897593811385527
"1221",5,44.6,33.5,1.14964345572398
"1222",1,48.8,44.3,0.863223405339374
"1223",2,46.1,39,0.267469700539392
"1224",3,43.9,37.1,1.02361863355475
"1225",1,40.5,24.6,1.4246067040932
"1226",2,51.1,39,1.90579238873934
"1227",3,54.2,52.3,1.7224835564932
"1228",4,38.7,30.1,-1.77184105819901
"1229",5,40.8,30.7,-1.39376659169133
"1230",1,43,28.8,0.129988076354781
"1231",2,37.9,27.4,0.290383304570161
"1232",3,52.2,47.6,0.886137009370143
"1233",4,43.2,34,0.450778532785541
"1234",5,48.2,44.2,1.69956995246243
"1235",1,40.9,35.1,0.69137137510861
"1236",2,42,38.5,0.920507415416296
"1237",3,51.3,48.7,0.313296908600929
"1238",4,43.4,28.1,0.794482593247069
"1239",5,41,26.6,0.668457771077842
"1240",1,38.4,28.3,1.16110025773937
"1241",2,42.6,38.1,0.725741781154763
"1242",3,32.8,25.1,0.977791425493217
"1243",1,32.7,23.9,0.943421019447064
"1244",2,44.9,41.8,0.382037720693235
"1245",3,44.3,31.7,0.874680207354759
"1246",4,32.4,19.7,1.3558658920009
"1247",5,32.7,24.3,1.10381624766244
"1248",2,29.5,12.4,-0.924037709060572
"1249",3,21.9,5,-0.534506440537507
"1250",4,15.3,-1.4,-0.16788877604521
"1251",5,13.7,5.4,-0.293913598214437
"1252",1,9.5,-0.5,-1.94122500009381
"1253",2,14.7,2,0.296627695396511
"1254",3,25.6,18.3,0.195924324099446
"1255",4,37.1,35.9,-1.8293323653193
"1256",5,23,13.8,0.811333815359285
"1257",1,35,28,1.03511908490832
"1258",2,38.3,32.3,0.632305599720059
"1259",3,31.4,24.2,0.665873390152414
"1260",4,38.5,38,0.766576761449478
"1261",5,43.7,43.7,0.856090869269091
"1262",1,31.6,24.5,-1.16916582014965
"1263",2,32.3,28.9,-0.117375053269199
"1264",3,36,35.2,-0.184510634133909
"1265",4,32.4,29.5,0.0728424258474782
"1266",5,28.9,21.4,-0.318781795863328
"1267",1,36.4,35.9,-0.766352334961393
"1268",2,45.3,45.3,-1.07965171233004
"1269",3,41.1,36.1,-0.139753580224103
"1270",4,28,12.4,-0.285214005430974
"1271",5,25.3,7,0.553980755377898
"1272",1,40.3,37.7,-1.07965171233004
"1273",2,31.9,30.5,-0.542567065412361
"1274",3,25,14.8,-0.352349586295683
"1275",4,38.3,34.7,-0.374728113250587
"1276",5,34.2,30.8,-0.117375053269199
"1277",1,42.5,38.1,0.878469396223995
"1278",2,30,20.2,-0.923002023645716
"1279",3,36.4,32.6,0.285438431919059
"1280",4,34.6,28.2,-0.128564316746651
"1281",5,28.3,17.3,-0.497810011502554
"1282",1,45,44.2,-0.945380550600619
"1283",2,31.5,23,-0.162132107179006
"1284",3,36.9,34,0.486845174513188
"1285",4,40.8,40.8,0.195924324099446
"1286",5,44.8,44.6,-0.508999274980006
"1287",1,38.1,35.4,-2.15382100616539
"1288",2,45.6,45.5,-1.03489465842023
"1289",3,45.9,45.9,-0.296403268908425
"1290",4,43.1,38.6,-0.867055706258458
"1291",5,37.5,32.5,-0.889434233213361
"1292",1,42.1,40.1,-0.788730861916296
"1293",2,40.3,29.3,0.0392746354151233
"1294",3,42.6,38.2,0.296627695396511
"1295",4,46.7,41,-0.0949965263142961
"1296",1,37.8,34.5,-0.128564316746651
"1297",2,37.7,30.1,0.542791491900446
"1298",3,38.1,35.9,-1.23630140101436
"1299",4,39.6,36.3,0.0616531623700266
"1300",5,35.5,28.2,1.38198625270932
"1301",1,36.7,30.7,0.576359282332801
"1302",2,35,33.4,-0.553756328889812
"1303",3,34.8,29,0.274249168441607
"1304",4,36.5,28.1,0.688251917107317
"1305",5,36.1,21.4,1.40436477966422
"1306",1,30.5,6.6,0.654684126674962
"1307",2,32.5,17.5,-0.341160322818232
"1308",3,36.8,32.7,-1.68387194011243
"1309",4,36.1,35.3,1.47150036052893
"1310",5,37.5,31.9,1.16939024663774
"1311",1,36.4,25,0.923226450133801
"1312",2,37.6,28.7,-0.00548241849468314
"1313",3,40.4,32.9,0.0168961084602201
"1314",4,41.6,40.3,-0.162132107179006
"1315",5,46.8,46.8,-0.531377801934909
"1316",1,37.7,31.2,-0.732784544529038
"1317",2,35.3,32.5,-0.855866442781006
"1318",3,47.3,46.9,-0.822298652348651
"1319",4,39.9,24,-1.07965171233004
"1320",5,38,25.2,-1.25867992796926
"1321",1,36.3,20.4,-0.0278609454495864
"1322",2,37.7,31.7,0.453277384080833
"1323",3,37.9,33,-0.173321370656457
"1324",4,42.8,38.5,-0.195699897611361
"1325",5,47.7,45.3,1.42674330661912
"1326",1,44.7,44.7,1.2700936179348
"1327",2,45.6,41.3,-0.307592532385877
"1328",3,41.9,34.1,0.386141803216123
"1329",4,41.8,40.6,0.878469396223995
"1330",5,43.2,33.2,0.889658659701446
"1331",1,46.4,33.6,0.531602228422995
"1332",2,44.7,41.7,0.486845174513188
"1333",3,49.2,48.2,-0.0166716819721348
"1334",4,50,48.9,1.13582245620538
"1335",5,48.8,46.9,0.699441180584769
"1336",1,46.2,40.4,0.319006222351414
"1337",2,48.4,43.7,0.956794240566156
"1338",3,54.5,45.7,1.84074605528483
"1339",4,54,48.6,1.81836752832993
"1340",5,53.3,51.3,1.06868687534067
"1341",1,53,49.7,0.755387497972027
"1342",2,48.4,46.3,1.21414730054754
"1343",3,51.2,50.1,0.934415713611253
"1344",4,51,50.2,0.397331066693575
"1345",1,50.5,49.6,0.688251917107317
"1346",2,53.9,53.4,1.68409636660051
"1347",3,55.3,53.8,0.654684126674962
"1348",4,54.1,54.1,1.16939024663774
"1349",5,52.2,49.1,-0.128564316746651
"1350",1,60.9,51,-0.0166716819721348
"1351",2,54.6,49.5,0.688251917107317
"1352",3,57.3,55.7,1.13582245620538
"1353",4,56.3,49.7,1.5945822587809
"1354",5,56.5,53.6,1.91907089962699
"1355",1,53.4,52.6,-2.45593112005659
"1356",3,59.2,54.2,0.900847923178898
"1357",4,55.1,54.6,0.788955288404382
"1358",5,58.6,58.4,1.38198625270932
"1359",1,51,50.1,0.788955288404382
"1360",2,54.5,51.3,0.677062653629866
"1361",3,54.8,50.8,0.263059904964156
"1362",4,51.5,48,0.733008971017124
"1363",5,54.8,51.9,1.44912183357403
"1364",1,56.2,45.3,0.654684126674962
"1365",2,55.3,48.6,1.03511908490832
"1366",3,59.4,57,0.878469396223995
"1367",5,59,54,1.12463319272793
"1368",3,62.8,58.8,0.788955288404382
"1369",5,61.1,56.4,1.12463319272793
"1370",1,63.8,60.8,1.18057951011519
"1371",2,60.7,55.3,1.50506815096129
"1372",3,62.7,59.1,-0.978948341032974
"1373",4,64.1,62.6,1.22533656402499
"1374",1,68.4,64.9,1.02392982143087
"1375",2,66.9,66.2,0.565170018855349
"1376",3,71.7,70.5,-2.47830964701149
"1377",4,71.7,71,1.03511908490832
"1378",5,70.6,69.3,0.296627695396511
"1379",1,60.9,53.6,0.49803443799064
"1380",2,67.2,64.7,1.11344392925048
"1381",3,68.3,65.1,-0.00548241849468314
"1382",4,68.2,59.5,0.162356533667091
"1383",5,64.8,55.1,1.10225466577303
"1384",1,68.7,67.9,1.02392982143087
"1385",2,70.5,69,0.587548545810253
"1386",3,71.2,66.7,0.677062653629866
"1387",4,67.9,57.5,1.2477150909799
"1388",5,64.3,56.7,0.811333815359285
"1389",1,69.9,68.1,-0.150942843701554
"1390",2,69.2,68.1,0.296627695396511
"1391",3,69.8,68.7,0.330195485828865
"1392",4,69.8,69.4,-0.240456951521167
"1393",5,70.6,70.1,1.40436477966422
"1394",1,71.3,66.7,-0.531377801934909
"1395",2,68.9,65.8,0.912037186656349
"1396",3,69.2,67.6,0.36376327626122
"1397",4,73.7,72.5,1.05749761186322
"1398",5,73.7,72.6,1.35960772575441
"1399",1,74.8,73.4,0.0504638988925749
"1400",2,75.8,74.1,0.341384749306317
"1401",3,74.6,73.6,0.319006222351414
"1402",4,74.9,73.5,0.912037186656349
"1403",5,76.9,68.4,0.889658659701446
"1404",1,69.1,68.1,-0.117375053269199
"1405",2,72.8,71.4,0.822523078836736
"1406",3,74.1,70.4,0.195924324099446
"1407",4,77.2,71.4,0.218302851054349
"1408",5,74.9,72.1,0.84490160579164
"1409",1,66.7,66,-0.732784544529038
"1410",2,66.7,65.5,-0.531377801934909
"1411",3,68.1,67.4,-0.318781795863328
"1412",4,70,61.6,-0.195699897611361
"1413",5,67.1,61.5,0.598737809287704
"1414",1,73.1,69.6,0.263059904964156
"1415",2,73,71.2,0.979172767521059
"1416",3,75.3,72.7,0.643494863197511
"1417",4,76.2,72.4,1.21414730054754
"1418",5,69.9,63.6,-0.0502394724044896
"1419",1,69.9,69.1,-1.05727318537514
"1420",2,75.7,70.6,1.77361047442012
"1421",3,69.2,64.7,1.57220373182599
"1422",5,71.1,64.3,0.486845174513188
"1423",1,62.3,55.4,0.251870641486704
"1424",2,68.9,67.5,-0.934191287123167
"1425",3,71,69.6,1.74004268398777
"1426",4,66.1,63.8,1.01274055795341
"1427",5,64.9,60.7,0.632305599720059
"1428",1,65.6,62.6,0.509223701468091
"1429",2,71,69.2,1.25890435445735
"1430",3,66.5,63.8,-1.21392287405946
"1431",4,63.7,57.9,0.352574012783769
"1432",5,60.6,54.6,0.979172767521059
"1433",1,57.4,50.3,-0.374728113250587
"1434",2,60.5,55.1,0.979172767521059
"1435",3,69.4,67.3,1.42674330661912
"1436",4,66.3,62.6,0.49803443799064
"1437",5,60.5,58.5,0.945604977088704
"1438",1,62,56.1,-0.497810011502554
"1439",2,64.7,62.1,-0.162132107179006
"1440",3,64.4,62.3,1.68409636660051
"1441",4,60,57.1,1.00155129447596
"1442",5,62.2,57,1.88550310919464
"1443",1,60.7,55.7,-1.41532961665359
"1444",2,63.1,59,0.00570684498276848
"1445",3,66.2,64.9,0.900847923178898
"1446",4,67.2,65.9,1.2700936179348
"1447",1,57.1,51.9,0.721819707539672
"1448",2,57.1,44.8,0.677062653629866
"1449",3,55.6,40.7,0.800144551881833
"1450",4,45.6,23.6,1.20295803707009
"1451",5,49.2,33.4,1.78479973789758
"1452",1,43.3,24.9,0.251870641486704
"1453",2,51.5,43.7,0.598737809287704
"1454",3,48.8,41.3,1.02392982143087
"1455",4,45.3,32.4,1.51625741443874
"1456",5,39.8,25.4,1.33722919879951
"1457",1,54.9,48.9,0.766576761449478
"1458",2,47.9,35.4,1.04630834838577
"1459",3,45.9,35.8,0.207113587576898
"1460",4,58,54.7,0.766576761449478
"1461",5,60,57.8,1.32603993532206
"1462",1,47.5,41.9,1.47150036052893
"1463",2,56.8,56.2,0.576359282332801
"1464",3,57.9,52.2,0.766576761449478
"1465",4,52.1,38.7,0.0392746354151233
"1466",1,41.7,24.7,-1.46008667056339
"1467",2,51.9,46.5,1.41555404314167
"1468",3,39.3,20.6,0.677062653629866
"1469",5,42.8,39.1,1.03511908490832
"1470",1,46.7,41,0.77776602492693
"1471",2,48.2,46.3,0.755387497972027
"1472",3,39.9,28.6,1.16939024663774
"1473",4,24.9,4.8,-2.41117406614678
"1474",5,23,11.1,-1.69506120358988
"1475",1,45.4,42.8,1.2924721448897
"1476",2,46.9,42.2,-0.206889161088812
"1477",3,41,30.4,-0.60970264627707
"1478",4,41.3,29,0.207113587576898
"1479",5,38.4,30.1,1.2924721448897
"1480",1,51,49,0.77776602492693
"1481",2,40.6,28.1,0.632305599720059
"1482",3,31.6,20.6,0.274249168441607
"1483",4,34.9,20.5,0.598737809287704
"1484",5,38,22.5,0.867280132746543
"1485",1,35.5,23.8,0.263059904964156
"1486",2,32,22.9,0.889658659701446
"1487",3,32.3,22.3,0.0392746354151233
"1488",4,30.9,18.7,0.654684126674962
"1489",1,42.2,39.7,0.688251917107317
"1490",2,33.3,18.2,1.15820098316029
"1491",3,29.8,16.2,1.35960772575441
"1492",5,50.4,49.1,1.72885342051032
"1493",1,35.2,29.1,-0.531377801934909
"1494",3,31.8,12.5,-1.26986919144672
"1495",4,34.7,23,-0.508999274980006
"1496",5,41.8,36.7,0.598737809287704
"1497",1,32,23.7,-0.0614287358819412
"1498",2,47.4,41.6,-1.90172014192705
"1499",3,35,23.4,-1.01006886266733
"1500",4,39.4,32.9,-0.98564006049583
"1501",5,39,30.2,0.162513641564634
"1502",1,27.4,11.7,-0.0207023747216102
"1503",2,36.3,30.8,-0.167275187750606
"1504",3,44.4,39.6,-0.863496049638334
"1505",4,34.9,21.2,-0.0573455779788591
"1506",5,28.6,13.4,0.724376091509117
"1507",1,32.8,22.5,1.44502575556834
"1508",2,29.4,18.7,0.406801663279627
"1509",3,31.3,23.1,-0.0695599790646087
"1510",4,29.4,15,0.0159408285356387
"1511",5,33.2,28.1,0.138084839393135
"1512",1,13.7,6.3,-2.1093649603848
"1513",2,15.8,-2.3,0.516731273051373
"1514",3,31.6,23.8,-0.387134407294099
"1515",4,46.5,44.7,0.0892272350501364
"1516",5,37,28.5,0.993092915395608
"1517",1,35.7,27.3,-0.240561594265103
"1518",2,33.8,23.7,1.17630893168185
"1519",3,36.8,29.5,0.553374476308622
"1520",4,15.7,1.9,0.199156844821883
"1521",5,17.6,-1.7,0.809876899109364
"1522",1,39.7,36.7,0.809876899109364
"1523",2,43,42.1,-0.179489588836355
"1524",3,39.1,31.5,0.370158460022378
"1525",4,39.1,37.9,0.0403696307071379
"1526",5,40.6,39.4,0.93202090996686
"1527",1,30.7,14.4,-0.203918391007855
"1528",2,29.4,19.8,1.24959533819635
"1529",3,41.1,37,0.663304086080369
"1530",4,35.5,19.5,0.968664113224109
"1531",5,39.8,36,0.382372861108127
"1532",1,32.8,30.3,-2.18265136689929
"1533",2,25.9,12.6,-0.704708835523589
"1534",3,26.7,10.2,0.370158460022378
"1535",4,36.8,32.9,0.150299240478884
"1536",5,38.3,26.1,-0.472635214894346
"1537",1,38.7,25.2,1.4083825523111
"1538",2,29.2,6.8,1.04195051973861
"1539",3,21.6,-0.8,-0.68028003335209
"1540",4,26,18.6,1.39616815122535
"1541",5,26.7,18.2,1.54274096425434
"1542",1,37.9,34,-0.99785446158158
"1543",2,28.2,11.9,0.663304086080369
"1544",3,25.4,6,0.0525840317928875
"1545",4,22.1,1.6,-0.35049120403685
"1546",5,27.2,10.7,0.822091300195114
"1547",1,41.7,38.1,0.736590492594866
"1548",2,38.6,22.9,0.0159408285356387
"1549",3,34.5,22.8,-0.277204797522352
"1550",4,39,33.6,0.321300855679379
"1551",5,45.3,42.3,1.07859372299586
"1552",1,34.5,15.3,-0.118417583407607
"1553",2,35.2,22.6,-0.240561594265103
"1554",3,36.9,27.1,-0.00848797363586059
"1555",4,40.7,32.6,0.480088069794124
"1556",5,42.3,39.4,1.62824177185459
"1557",1,42.5,32.5,-0.716923236609339
"1558",2,36.9,20.9,0.30908645459363
"1559",3,34.4,16.2,-0.277204797522352
"1560",4,36.3,27.9,0.724376091509117
"1561",5,44.4,40.2,-0.264990396436603
"1562",1,41.8,26.6,0.211371245907633
"1563",2,37.1,22.5,-0.387134407294099
"1564",3,43.7,38.8,0.345729657850878
"1565",4,44.5,26,0.919806508881111
"1566",5,39.4,18.1,1.42059695339685
"1567",1,46.2,45.3,0.113656037221636
"1568",2,41.4,38.2,-0.582564824666093
"1569",3,41.8,34.8,0.590017679565871
"1570",4,40.3,24,-0.582564824666093
"1571",5,43.8,35.3,1.2618097392821
"1572",1,52,51.1,0.883163305623862
"1573",2,47.1,32.1,0.651089684994619
"1574",3,47.5,30.3,0.431230465451126
"1575",4,43.7,38.7,-0.545921621408844
"1576",5,53.7,50.7,-0.411563209465598
"1577",1,52.1,51.5,-0.765780840952337
"1578",2,48.8,46.6,0.0892272350501364
"1579",3,51.5,47.2,-0.851281648552584
"1580",4,47.7,40.9,-0.814638445295336
"1581",5,46.8,44.2,-1.03449766483883
"1582",1,47.8,34.7,-0.240561594265103
"1583",2,45.6,40.5,0.0281552296213883
"1584",3,46.9,39.2,0.174728042650384
"1585",4,49.4,46.5,1.01752171756711
"1586",5,47.3,44.1,0.809876899109364
"1587",1,48.1,44.1,0.553374476308622
"1588",2,48.3,42.8,0.761019294766366
"1589",3,53,44.6,0.785448096937865
"1590",4,47.7,34.1,0.101441636135886
"1591",5,48.4,43.5,0.919806508881111
"1592",1,46.1,39.5,0.345729657850878
"1593",2,44.9,42.3,0.443444866536875
"1594",3,48.5,41.1,1.29845294253935
"1595",4,53.3,47.6,0.699947289337618
"1596",5,52.3,49.6,1.72595698054059
"1597",1,57.2,55,1.27402414036785
"1598",2,58.9,48.6,1.95803060116983
"1599",3,56.7,38.7,1.32288174471085
"1600",4,52.5,45.6,1.67709937619759
"1601",5,59.3,52.2,1.75038578271209
"1602",1,62.1,54.7,-1.74293292781231
"1603",2,51.6,48.8,0.846520102366613
"1604",3,54.6,51.3,0.199156844821883
"1605",4,51.3,48.8,0.492302470879874
"1606",5,58.2,56.1,2.20231862288482
"1607",1,60.4,51,0.907592107795361
"1608",2,58.5,45.3,0.370158460022378
"1609",3,59.8,55,0.858734503452363
"1610",4,62,59.9,1.94581620008408
"1611",5,59.8,55.3,1.82367218922658
"1612",1,59.4,53.6,0.345729657850878
"1613",2,63.7,61.5,1.1885233327676
"1614",3,62.9,51.9,1.2373809371106
"1615",4,56.7,53.8,0.60223208065162
"1616",5,61.7,57.5,2.00688820551283
"1617",1,66,60.9,-0.399348808379848
"1618",2,60.4,58.8,1.66488497511184
"1619",3,62.3,59.6,0.0770128339643868
"1620",4,61,59.3,1.37173934905385
"1621",5,63.2,61.5,2.27560502939932
"1622",1,68.5,57.6,1.78702898596933
"1623",2,61.5,59.5,0.94423531105261
"1624",4,61.4,60.1,1.82367218922658
"1625",5,66.8,62.9,2.05574580985583
"1626",1,66.9,59.9,1.32288174471085
"1627",2,67.9,63.1,0.0770128339643868
"1628",3,70.2,65.1,0.846520102366613
"1629",5,66.1,64.7,-0.521492819237345
"1630",1,64.9,56.7,0.0892272350501364
"1631",2,69,61.7,0.93202090996686
"1632",3,71.5,65.8,-0.387134407294099
"1633",4,66.8,65.7,0.895377706709611
"1634",5,70.8,68.3,1.98245940334133
"1635",1,73.1,63,0.638875283908869
"1636",2,70.3,65.9,0.895377706709611
"1637",3,70.9,69.4,0.553374476308622
"1638",4,71.4,71,0.431230465451126
"1639",5,69.2,67.7,0.993092915395608
"1640",1,76.5,70.8,0.675518487166118
"1641",2,70.4,67.8,-0.387134407294099
"1642",3,66.1,62,0.504516871965624
"1643",4,69.5,61.4,0.248014449164881
"1644",5,67.1,58.9,0.797662498023614
"1645",1,72.8,69.7,0.785448096937865
"1646",2,73,71.1,0.651089684994619
"1647",3,72.9,70.9,0.235800048079132
"1648",4,74.3,70.3,0.406801663279627
"1649",5,71.6,64.1,0.30908645459363
"1650",1,70.2,62.3,0.382372861108127
"1651",2,68.9,65.5,-0.411563209465598
"1652",3,70.2,66.6,0.28465765242213
"1653",4,73.3,69.8,0.748804893680616
"1654",5,73.7,67.3,0.736590492594866
"1655",1,71.2,63.9,0.0159408285356387
"1656",2,71.2,68.7,-1.41314409849707
"1657",3,71.1,68.7,-0.582564824666093
"1658",4,68.6,64.8,-0.301633599693852
"1659",5,66.6,64.4,-0.753566439866588
"1660",1,73.3,72.1,-0.264990396436603
"1661",2,75.5,68.2,-0.130631984493357
"1662",3,70.6,68.5,-0.765780840952337
"1663",4,74.6,72.8,0.0281552296213883
"1664",5,72,65.8,-0.191703989922105
"1665",1,64.3,57.8,-1.10778407135333
"1666",2,60.4,54.5,-0.68028003335209
"1667",3,65.4,61.6,-0.387134407294099
"1668",4,71,68.2,0.0892272350501364
"1669",5,68,63.3,0.553374476308622
"1670",1,64.9,60.9,-1.92614894409855
"1671",2,70,65.8,0.822091300195114
"1672",3,66.6,64.8,0.186942443736133
"1673",4,67.7,60.6,0.528945674137123
"1674",5,59.3,55,0.0770128339643868
"1675",1,63.9,58.4,0.223585646993382
"1676",2,62.8,57.5,0.248014449164881
"1677",3,68.3,64.1,0.480088069794124
"1678",4,65.4,63.4,1.27402414036785
"1679",5,59.6,50.1,1.24959533819635
"1680",1,65.4,58.5,0.431230465451126
"1681",2,61.5,53,0.61444648173737
"1682",3,56,48.7,0.248014449164881
"1683",4,57.3,45.7,0.248014449164881
"1684",5,58.8,50.6,1.2618097392821
"1685",1,68.5,65.6,0.663304086080369
"1686",2,68.6,64.4,0.528945674137123
"1687",3,63.8,54.6,0.235800048079132
"1688",4,64.7,61.4,0.736590492594866
"1689",5,63.5,56.6,1.44502575556834
"1690",1,56.3,48.8,-1.82843373541255
"1691",2,59.4,53.9,-1.59636011478331
"1692",3,67.6,64,1.2618097392821
"1693",4,55.3,47.3,1.2862385414536
"1694",5,57.4,51.3,1.50609776099709
"1695",1,66.9,61.7,-0.118417583407607
"1696",2,61.3,58,-0.753566439866588
"1697",4,54.5,51.8,0.370158460022378
"1698",5,55.5,53.4,0.260228850250631
"1699",1,57.7,55.9,-2.25593777341379
"1700",2,56.7,48.8,-0.435992011637097
"1701",3,51.5,46,0.895377706709611
"1702",4,58.2,50,0.28465765242213
"1703",5,55,42.4,0.60223208065162
"1704",1,55.2,52,-0.313848000779601
"1705",2,56.3,52.8,-0.277204797522352
"1706",3,61.4,57.7,1.02973611865286
"1707",4,55.5,45.3,0.345729657850878
"1708",5,55.9,51.1,0.761019294766366
"1709",1,56,52.3,0.272443251336381
"1710",2,55.1,49.4,0.663304086080369
"1711",3,57.8,54.9,0.125870438307385
"1712",4,62.5,60.2,0.382372861108127
"1713",5,58.7,48.7,2.40996344134256
"1714",1,48.1,30,0.467873668708375
"1715",2,56.6,50.5,-1.76736172998381
"1716",3,51.5,38.9,0.370158460022378
"1717",4,51.4,42.7,1.02973611865286
"1718",5,42.7,31.3,1.1152369262531
"1719",1,51.5,43.4,-1.26657128546807
"1720",2,53.9,50.4,0.125870438307385
"1721",3,29,11.6,0.174728042650384
"1722",4,35,24.6,-0.484849615980096
"1723",5,49.3,42,0.443444866536875
"1724",1,48.4,44.7,1.93360179899833
"1725",2,46.5,43.1,0.541160075222872
"1726",3,44.8,39.8,-0.716923236609339
"1727",4,43.3,36.2,0.761019294766366
"1728",5,48.1,43.4,0.590017679565871
"1729",1,45.4,36.5,0.687732888251868
"1730",2,46.5,42.5,1.43281135448259
"1731",3,48.5,46,-0.289419198608102
"1732",5,40.5,30.5,-1.95057774627005
"1733",1,44.8,41.3,-0.0573455779788591
"1734",2,39.9,36.3,0.431230465451126
"1735",3,36.6,27.4,-0.399348808379848
"1736",4,39.6,30.2,0.150299240478884
"1737",5,38.3,25.4,-0.264990396436603
"1738",1,48.2,43.6,1.86031539248383
"1739",2,53.1,51,1.00530731648136
"1740",3,39.9,36.7,-0.0817743801503583
"1741",4,31.1,19.7,0.174728042650384
"1742",5,38.7,31.8,2.14124661745607
"1743",1,35.4,19.8,-0.802424044209586
"1744",2,37.5,32,1.4083825523111
"1745",3,39.3,35.2,1.42059695339685
"1746",4,24.2,8.3,1.39616815122535
"1747",5,24.2,11.6,1.3839537501396
"1748",1,44.3,38.3,0.101441636135886
"1749",2,42.8,33.7,-0.66806563226634
"1750",4,35.9,30.3,-2.0849361582133
"1751",5,40.1,35,-1.66964652129781
"1752",1,39.6,36.3,-0.814638445295336
"1753",2,44.7,42.6,-1.73071852672656
